"","Local Authorities","1","2","3","4","5","6","7","8"
"1","Aberdeen City",0.0145582329317269,0.248493975903614,0.0271084337349398,0.00502008032128514,0.14859437751004,0.169678714859438,0.248493975903614,0.138052208835341
"2","Aberdeenshire",0.37678307919331,0.0029513034923758,0,0,0.0654205607476635,0.252828332513527,0.105263157894737,0.196753566158387
"3","Adur",0.004739336492891,0.004739336492891,0,0.004739336492891,0.355450236966825,0.303317535545024,0.132701421800948,0.194312796208531
"4","Allerdale",0.33125,0,0,0,0.071875,0.125,0.0875,0.384375
"5","Amber Valley",0.1825,0,0,0,0.115,0.3425,0.0375,0.3225
"6","Angus",0.243589743589744,0.000986193293885602,0,0,0.0867850098619329,0.201183431952663,0.269230769230769,0.198224852071006
"7","Antrim and Newtownabbey",0.147727272727273,0,0,0.00284090909090909,0.136363636363636,0.298295454545455,0.136363636363636,0.278409090909091
"8","Argyll and Bute",0.351050679851669,0.00494437577255871,0,0.00123609394313968,0.117428924598269,0.143386897404203,0.249690976514215,0.132262051915946
"9","Armagh, Banbridge and Craigavon",0.364025695931477,0,0,0.012847965738758,0.0642398286937901,0.169164882226981,0.0706638115631692,0.319057815845824
"10","Arun",0.146435452793834,0.0289017341040462,0,0.0134874759152216,0.289017341040462,0.277456647398844,0.10597302504817,0.138728323699422
"11","Ashfield",0.051948051948052,0,0,0.0025974025974026,0.101298701298701,0.348051948051948,0.0909090909090909,0.405194805194805
"12","Ashford",0.269333333333333,0,0,0.0506666666666667,0.245333333333333,0.176,0.0826666666666667,0.176
"13","Aylesbury Vale",0.24822695035461,0.0141843971631206,0.00531914893617021,0.179078014184397,0.24645390070922,0.212765957446809,0.0159574468085106,0.0780141843971631
"14","Babergh",0.435064935064935,0,0,0,0.142857142857143,0.188311688311688,0.0357142857142857,0.198051948051948
"15","Barking and Dagenham",0,0.00180831826401447,0.189873417721519,0.772151898734177,0.0108499095840868,0,0.0162748643761302,0.00904159132007233
"16","Barnet",0,0.0675675675675676,0.251930501930502,0.52992277992278,0.0936293436293436,0.055984555984556,0.000965250965250965,0
"17","Barnsley",0.0760157273918742,0.00131061598951507,0,0.0131061598951507,0.103538663171691,0.216251638269987,0.0747051114023591,0.515072083879423
"18","Barrow-in-Furness",0.0452674897119342,0,0,0,0.0740740740740741,0.292181069958848,0.160493827160494,0.42798353909465
"19","Basildon",0.0124777183600713,0.0017825311942959,0.0017825311942959,0.0427807486631016,0.185383244206774,0.285204991087344,0.204991087344029,0.265597147950089
"20","Basingstoke and Deane",0.12410071942446,0.0251798561151079,0.00179856115107914,0.079136690647482,0.285971223021583,0.232014388489209,0.0737410071942446,0.178057553956835
"21","Bassetlaw",0.265957446808511,0,0,0.00531914893617021,0.0718085106382979,0.247340425531915,0.0691489361702128,0.340425531914894
"22","Bath and North East Somerset",0.111492281303602,0.147512864493997,0.00514579759862779,0.0137221269296741,0.298456260720412,0.1852487135506,0.0583190394511149,0.180102915951973
"23","Bedford",0.109780439121756,0.0259481037924152,0.0439121756487026,0.339321357285429,0.181636726546906,0.227544910179641,0.0259481037924152,0.0459081836327345
"24","Belfast",0.00420609884332282,0.0672975814931651,0.0010515247108307,0.0126182965299685,0.172450052576236,0.174553101997897,0.251314405888538,0.316508937960042
"25","Bexley",0.00137362637362637,0.0151098901098901,0.0755494505494505,0.200549450549451,0.350274725274725,0.226648351648352,0.0659340659340659,0.0645604395604396
"26","Birmingham",0.000310269934843314,0.042506981073534,0.0598820974247595,0.519081600992864,0.115420415761713,0.099906919019547,0.0626745268383494,0.10021718895439
"27","Blaby",0.0777027027027027,0,0,0.0472972972972973,0.125,0.581081081081081,0.0202702702702703,0.148648648648649
"28","Blackburn with Darwen",0.0273972602739726,0,0.00684931506849315,0.321917808219178,0.105022831050228,0.214611872146119,0.0821917808219178,0.242009132420091
"29","Blackpool",0.001953125,0.01953125,0.001953125,0.001953125,0.35546875,0.177734375,0.25,0.19140625
"30","Blaenau Gwent",0.033195020746888,0,0,0,0.016597510373444,0.0871369294605809,0.0912863070539419,0.771784232365145
"31","Bolsover",0.138211382113821,0,0,0,0.0569105691056911,0.247967479674797,0.040650406504065,0.516260162601626
"32","Bolton",0.0146561443066516,0.00450958286358512,0.0112739571589628,0.225479143179256,0.138669673055242,0.271702367531003,0.0947012401352875,0.239007891770011
"33","Boston",0.452261306532663,0,0,0.0653266331658292,0.105527638190955,0.0753768844221105,0.125628140703518,0.175879396984925
"34","Bournemouth",0.00505050505050505,0.326599326599327,0.00673400673400673,0.0286195286195286,0.306397306397306,0.198653198653199,0.0673400673400673,0.0606060606060606
"35","Bracknell Forest",0.0108108108108108,0.0135135135135135,0.00540540540540541,0.1,0.375675675675676,0.22972972972973,0.0972972972972973,0.167567567567568
"36","Bradford",0.0215968586387435,0.012434554973822,0.0261780104712042,0.331151832460733,0.205497382198953,0.18979057591623,0.0785340314136126,0.134816753926702
"37","Braintree",0.207188160676533,0.00634249471458774,0,0.00634249471458774,0.230443974630021,0.19661733615222,0.0761099365750529,0.276955602536998
"38","Breckland",0.571100917431193,0,0,0.0114678899082569,0.121559633027523,0.0986238532110092,0.0573394495412844,0.139908256880734
"39","Brent",0,0.0168878166465621,0.481302774427021,0.495778045838359,0,0.0060313630880579,0,0
"40","Brentwood",0.0588235294117647,0.0378151260504202,0.00840336134453781,0.0126050420168067,0.336134453781513,0.369747899159664,0.0840336134453782,0.092436974789916
"41","Bridgend",0.0662251655629139,0,0,0,0.134657836644592,0.320088300220751,0.0838852097130243,0.39514348785872
"42","Brighton and Hove",0.00323974082073434,0.439524838012959,0.0399568034557235,0.0464362850971922,0.227861771058315,0.113390928725702,0.0734341252699784,0.0561555075593952
"43","Bristol, City of",0,0.202485380116959,0.0628654970760234,0.198099415204678,0.24780701754386,0.0635964912280702,0.0862573099415205,0.138888888888889
"44","Broadland",0.296912114014252,0,0,0,0.109263657957245,0.479809976247031,0.0118764845605701,0.102137767220903
"45","Bromley",0.00882352941176471,0.0490196078431373,0.120588235294118,0.151960784313725,0.346078431372549,0.241176470588235,0.0382352941176471,0.0441176470588235
"46","Bromsgrove",0.131313131313131,0,0,0,0.175084175084175,0.481481481481481,0.063973063973064,0.148148148148148
"47","Broxbourne",0.00689655172413793,0.0206896551724138,0.0241379310344828,0.127586206896552,0.382758620689655,0.179310344827586,0.13448275862069,0.124137931034483
"48","Broxtowe",0.0215633423180593,0.0134770889487871,0.00808625336927224,0.0808625336927224,0.180592991913747,0.452830188679245,0.0673854447439353,0.175202156334232
"49","Burnley",0.0305084745762712,0,0,0.132203389830508,0.101694915254237,0.23728813559322,0.125423728813559,0.372881355932203
"50","Bury",0.0149253731343284,0.0033167495854063,0.00165837479270315,0.129353233830846,0.233830845771144,0.334991708126036,0.111111111111111,0.170812603648425
"51","Caerphilly",0.0528169014084507,0,0,0,0.0985915492957746,0.214788732394366,0.0598591549295775,0.573943661971831
"52","Calderdale",0.061377245508982,0.00898203592814371,0.00149700598802395,0.0823353293413174,0.326347305389222,0.172155688622754,0.12125748502994,0.226047904191617
"53","Cambridge",0,0.354838709677419,0.0510752688172043,0.301075268817204,0.225806451612903,0.0241935483870968,0.032258064516129,0.010752688172043
"54","Camden",0,0.416555407209613,0.551401869158878,0.00801068090787717,0.0240320427236315,0,0,0
"55","Cannock Chase",0.0258899676375405,0,0,0,0.142394822006472,0.343042071197411,0.0711974110032362,0.41747572815534
"56","Canterbury",0.10828025477707,0.118895966029724,0.0106157112526539,0.0467091295116773,0.256900212314225,0.301486199575372,0.0785562632696391,0.0785562632696391
"57","Cardiff",0.000928505106778087,0.15041782729805,0.0473537604456825,0.146703806870938,0.2330547818013,0.194986072423398,0.0817084493964717,0.144846796657382
"58","Carlisle",0.204419889502762,0.0220994475138122,0,0.00276243093922652,0.154696132596685,0.19060773480663,0.11878453038674,0.306629834254144
"59","Carmarthenshire",0.434494195688226,0.00165837479270315,0,0.0066334991708126,0.0779436152570481,0.140961857379768,0.0514096185737977,0.286898839137645
"60","Castle Point",0,0,0,0,0.195121951219512,0.665505226480836,0.0174216027874564,0.121951219512195
"61","Causeway Coast and Glens",0.43859649122807,0,0,0,0.0789473684210526,0.152046783625731,0.0730994152046784,0.257309941520468
"62","Central Bedfordshire",0.128301886792453,0.00125786163522013,0.00125786163522013,0.0352201257861635,0.320754716981132,0.283018867924528,0.0440251572327044,0.186163522012579
"63","Ceredigion",0.640625,0.09375,0,0.00390625,0.1015625,0.02734375,0.04296875,0.08984375
"64","Charnwood",0.0745697896749522,0.0401529636711281,0.00191204588910134,0.0841300191204589,0.223709369024857,0.395793499043977,0.0439770554493308,0.135755258126195
"65","Chelmsford",0.0682656826568266,0.044280442804428,0.00553505535055351,0.033210332103321,0.321033210332103,0.326568265682657,0.0811808118081181,0.119926199261993
"66","Cheltenham",0.0101010101010101,0.156565656565657,0,0.00757575757575758,0.366161616161616,0.247474747474747,0.095959595959596,0.116161616161616
"67","Cherwell",0.214285714285714,0.00669642857142857,0.00669642857142857,0.100446428571429,0.299107142857143,0.196428571428571,0.0290178571428571,0.147321428571429
"68","Cheshire East",0.178313253012048,0.00481927710843374,0.000803212851405623,0.0216867469879518,0.179116465863454,0.375100401606426,0.0706827309236948,0.169477911646586
"69","Cheshire West and Chester",0.174030658250676,0.0351668169522092,0,0.000901713255184851,0.136158701532913,0.343552750225428,0.0793507664562669,0.230838593327322
"70","Chesterfield",0.0195530726256983,0.00837988826815642,0,0.00837988826815642,0.125698324022346,0.315642458100559,0.128491620111732,0.393854748603352
"71","Chichester",0.354330708661417,0.0183727034120735,0,0.005249343832021,0.270341207349081,0.131233595800525,0.068241469816273,0.152230971128609
"72","Chiltern",0.069204152249135,0,0,0.069204152249135,0.373702422145329,0.397923875432526,0.027681660899654,0.0622837370242214
"73","Chorley",0.138810198300283,0,0,0.0084985835694051,0.138810198300283,0.405099150141643,0.0764872521246459,0.232294617563739
"74","Christchurch",0.0662650602409639,0,0,0,0.355421686746988,0.331325301204819,0.102409638554217,0.144578313253012
"75","City of Edinburgh",0.003701989819528,0.381767700138825,0.0349375289217955,0.014345210550671,0.193428968070338,0.138361869504859,0.196668209162425,0.0367885238315595
"76","City of London",0,0.774193548387097,0.225806451612903,0,0,0,0,0
"77","Clackmannanshire",0.0651162790697674,0.00232558139534884,0,0,0.106976744186047,0.23953488372093,0.265116279069767,0.32093023255814
"78","Colchester",0.0821917808219178,0.0633561643835616,0.0136986301369863,0.0787671232876712,0.306506849315068,0.279109589041096,0.0753424657534247,0.101027397260274
"79","Comhairle nan Eilean Siar",0.561264822134387,0,0,0,0.0237154150197628,0.181818181818182,0.0632411067193676,0.1699604743083
"80","Conwy",0.209302325581395,0.0129198966408269,0,0,0.167958656330749,0.31266149870801,0.113695090439276,0.183462532299742
"81","Copeland",0.255144032921811,0,0,0,0.0411522633744856,0.135802469135802,0.0617283950617284,0.506172839506173
"82","Corby",0.0492610837438424,0,0,0.0591133004926108,0.0886699507389163,0.113300492610837,0.157635467980296,0.532019704433498
"83","Cornwall",0.436383928571429,0.0078125,0,0,0.193080357142857,0.0998883928571429,0.0669642857142857,0.195870535714286
"84","Cotswold",0.542087542087542,0.00336700336700337,0,0,0.168350168350168,0.0976430976430976,0.037037037037037,0.151515151515152
"85","County Durham",0.117612977983778,0.0121668597914253,0,0.00115874855156431,0.0863267670915411,0.197566628041715,0.0370799536500579,0.548088064889919
"86","Coventry",0.000986193293885602,0.0453648915187377,0.0364891518737673,0.416173570019724,0.243589743589744,0.117357001972387,0.0680473372781065,0.0719921104536489
"87","Craven",0.45360824742268,0,0,0.0154639175257732,0.206185567010309,0.0979381443298969,0.0463917525773196,0.180412371134021
"88","Crawley",0.0029940119760479,0.0209580838323353,0.0179640718562874,0.547904191616767,0.161676646706587,0.0898203592814371,0.0658682634730539,0.092814371257485
"89","Croydon",0,0.0220848056537102,0.254416961130742,0.496466431095406,0.0777385159010601,0.118374558303887,0.0106007067137809,0.0203180212014134
"90","Dacorum",0.0391304347826087,0.0152173913043478,0.00434782608695652,0.115217391304348,0.332608695652174,0.173913043478261,0.121739130434783,0.197826086956522
"91","Darlington",0.0638888888888889,0.00833333333333333,0,0.0138888888888889,0.219444444444444,0.305555555555556,0.138888888888889,0.25
"92","Dartford",0.00958466453674121,0.0415335463258786,0.0159744408945687,0.21405750798722,0.271565495207668,0.185303514376997,0.111821086261981,0.150159744408946
"93","Daventry",0.383064516129032,0,0,0.0120967741935484,0.133064516129032,0.241935483870968,0.0403225806451613,0.189516129032258
"94","Denbighshire",0.290123456790123,0,0,0,0.114197530864198,0.314814814814815,0.0895061728395062,0.191358024691358
"95","Derby",0.00256739409499358,0.0410783055198973,0.0192554557124519,0.258023106546855,0.10397946084724,0.31193838254172,0.0526315789473684,0.210526315789474
"96","Derbyshire Dales",0.570281124497992,0,0,0,0.1285140562249,0.112449799196787,0.0401606425702811,0.14859437751004
"97","Derry and Strabane",0.23780487804878,0.00304878048780488,0,0.00304878048780488,0.0518292682926829,0.140243902439024,0.121951219512195,0.442073170731707
"98","Doncaster",0.0593047034764826,0.00102249488752556,0.00511247443762781,0.0674846625766871,0.0920245398773006,0.302658486707566,0.0623721881390593,0.41002044989775
"99","Dover",0.173184357541899,0,0.00558659217877095,0.0195530726256983,0.229050279329609,0.181564245810056,0.125698324022346,0.26536312849162
"100","Dudley",0.00198412698412698,0.000992063492063492,0.00297619047619048,0.0833333333333333,0.143849206349206,0.369047619047619,0.0882936507936508,0.30952380952381
"101","Dumfries and Galloway",0.436651583710407,0.00301659125188537,0,0,0.0346907993966818,0.110859728506787,0.153846153846154,0.260935143288084
"102","Dundee City",0.00520833333333333,0.173363095238095,0.00446428571428571,0.00446428571428571,0.09375,0.177083333333333,0.383184523809524,0.158482142857143
"103","Ealing",0,0.0836820083682008,0.285564853556485,0.605648535564854,0.0251046025104603,0,0,0
"104","East Ayrshire",0.104395604395604,0.00366300366300366,0,0,0.0604395604395604,0.183150183150183,0.284798534798535,0.363553113553114
"105","East Cambridgeshire",0.437735849056604,0.00377358490566038,0,0.00377358490566038,0.286792452830189,0.0905660377358491,0.0226415094339623,0.154716981132075
"106","East Devon",0.427616926503341,0.0111358574610245,0,0,0.204899777282851,0.175946547884187,0.0378619153674833,0.142538975501114
"107","East Dorset",0.233898305084746,0,0,0,0.132203389830508,0.522033898305085,0.0372881355932203,0.0745762711864407
"108","East Dunbartonshire",0.0197215777262181,0,0,0,0.127610208816705,0.548723897911833,0.163573085846868,0.140371229698376
"109","East Hampshire",0.210810810810811,0.00540540540540541,0,0.00810810810810811,0.313513513513514,0.310810810810811,0.0432432432432432,0.108108108108108
"110","East Hertfordshire",0.121004566210046,0.0342465753424658,0.00228310502283105,0.00684931506849315,0.401826484018265,0.237442922374429,0.0502283105022831,0.146118721461187
"111","East Lindsey",0.626283367556468,0.00205338809034908,0,0,0.0882956878850103,0.0759753593429158,0.0554414784394251,0.151950718685832
"112","East Lothian",0.134844868735084,0.0214797136038186,0,0.00119331742243437,0.137231503579952,0.18854415274463,0.243436754176611,0.27326968973747
"113","East Northamptonshire",0.262962962962963,0,0,0,0.159259259259259,0.3,0.0296296296296296,0.248148148148148
"114","East Renfrewshire",0.021978021978022,0.00137362637362637,0,0.00137362637362637,0.178571428571429,0.516483516483517,0.184065934065934,0.0961538461538462
"115","East Riding of Yorkshire",0.348294434470377,0.000897666068222621,0,0.000897666068222621,0.135547576301616,0.286355475763016,0.0700179533213645,0.157989228007181
"116","East Staffordshire",0.185595567867036,0.0110803324099723,0,0.155124653739612,0.110803324099723,0.254847645429363,0.0969529085872576,0.185595567867036
"117","Eastbourne",0.00282485875706215,0.161016949152542,0.00282485875706215,0.00564971751412429,0.347457627118644,0.175141242937853,0.144067796610169,0.161016949152542
"118","Eastleigh",0.0223325062034739,0.0124069478908189,0,0.0198511166253102,0.411910669975186,0.332506203473945,0.0521091811414392,0.148883374689826
"119","Eden",0.706214689265537,0,0,0,0.0847457627118644,0.0225988700564972,0.0621468926553672,0.124293785310734
"120","Elmbridge",0.00492610837438424,0.0295566502463054,0.00246305418719212,0.0394088669950739,0.630541871921182,0.199507389162562,0.0467980295566502,0.0467980295566502
"121","Enfield",0,0.0209944751381215,0.275138121546961,0.579005524861879,0.0906077348066298,0.0331491712707182,0,0.00110497237569061
"122","Epping Forest",0.0835322195704057,0.0214797136038186,0.00715990453460621,0.0644391408114559,0.315035799522673,0.210023866348449,0.109785202863962,0.18854415274463
"123","Epsom and Ewell",0,0.0480349344978166,0.00873362445414847,0.174672489082969,0.414847161572052,0.331877729257642,0.00436681222707424,0.0174672489082969
"124","Erewash",0.0477453580901857,0,0,0,0.153846153846154,0.392572944297082,0.0689655172413793,0.336870026525199
"125","Exeter",0.00775193798449612,0.183462532299742,0.00258397932816537,0.00775193798449612,0.348837209302326,0.142118863049096,0.165374677002584,0.142118863049096
"126","Falkirk",0.0437037037037037,0.0103703703703704,0.000740740740740741,0.000740740740740741,0.0925925925925926,0.245185185185185,0.301481481481481,0.305185185185185
"127","Fareham",0.0280112044817927,0,0,0,0.302521008403361,0.495798319327731,0.0700280112044818,0.103641456582633
"128","Fenland",0.413793103448276,0,0.00344827586206897,0.0172413793103448,0.158620689655172,0.151724137931034,0.0620689655172414,0.193103448275862
"129","Fermanagh and Omagh",0.661596958174905,0,0,0.00380228136882129,0.0722433460076046,0.0456273764258555,0.0342205323193916,0.182509505703422
"130","Fife",0.0913098236775819,0.026448362720403,0,0.000629722921914358,0.131926952141058,0.209382871536524,0.250314861460957,0.289987405541562
"131","Flintshire",0.193158953722334,0.00201207243460765,0,0.00201207243460765,0.0563380281690141,0.380281690140845,0.0543259557344064,0.311871227364185
"132","Forest Heath",0.269430051813472,0,0.0103626943005181,0.0518134715025907,0.336787564766839,0.077720207253886,0.0569948186528497,0.196891191709845
"133","Forest of Dean",0.452830188679245,0,0,0.00377358490566038,0.0867924528301887,0.177358490566038,0.00754716981132075,0.271698113207547
"134","Fylde",0.128787878787879,0.0113636363636364,0,0.00378787878787879,0.340909090909091,0.333333333333333,0.0795454545454545,0.102272727272727
"135","Gateshead",0.00708215297450425,0.0396600566572238,0.018413597733711,0.0269121813031161,0.130311614730878,0.205382436260623,0.185552407932011,0.386685552407932
"136","Gedling",0.038860103626943,0,0,0.0155440414507772,0.272020725388601,0.419689119170984,0.0647668393782383,0.189119170984456
"137","Glasgow City",0.0001822821728035,0.252643091505651,0.0727305869485964,0.0151294203426905,0.0871308786000729,0.0514035727305869,0.463361283266497,0.0574188844331024
"138","Gloucester",0.005,0.0425,0.0075,0.1375,0.29,0.3075,0.0775,0.1325
"139","Gosport",0,0.0257352941176471,0,0.00735294117647059,0.301470588235294,0.161764705882353,0.176470588235294,0.327205882352941
"140","Gravesham",0.0126582278481013,0.0126582278481013,0.0379746835443038,0.278481012658228,0.161392405063291,0.246835443037975,0.0727848101265823,0.177215189873418
"141","Great Yarmouth",0.173652694610778,0,0.00598802395209581,0.0329341317365269,0.104790419161677,0.227544910179641,0.194610778443114,0.260479041916168
"142","Greenwich",0,0.0902348578491965,0.394313967861557,0.38566131025958,0.065512978986403,0.0271940667490729,0.0234857849196539,0.0135970333745365
"143","Guildford",0.0482758620689655,0.0988505747126437,0.00229885057471264,0.0505747126436782,0.397701149425287,0.28735632183908,0.0482758620689655,0.0666666666666667
"144","Gwynedd",0.435643564356436,0.0371287128712871,0,0.0123762376237624,0.0915841584158416,0.0544554455445545,0.0643564356435644,0.304455445544554
"145","Hackney",0,0.109479305740988,0.861148197596796,0.0280373831775701,0,0,0.00133511348464619,0
"146","Halton",0.00490196078431373,0,0,0,0.0612745098039216,0.311274509803922,0.127450980392157,0.495098039215686
"147","Hambleton",0.620578778135048,0,0,0.00321543408360129,0.122186495176849,0.0964630225080386,0.0192926045016077,0.138263665594855
"148","Hammersmith and Fulham",0,0.384,0.5712,0.0256,0.0176,0,0.0016,0
"149","Harborough",0.333333333333333,0,0,0.00732600732600733,0.186813186813187,0.358974358974359,0.0256410256410256,0.0879120879120879
"150","Haringey",0,0.162018592297477,0.670650730411687,0.126162018592297,0.0371845949535193,0.00398406374501992,0,0
"151","Harlow",0,0.00364963503649635,0.0182481751824818,0.160583941605839,0.171532846715328,0.0583941605839416,0.277372262773723,0.31021897810219
"152","Harrogate",0.317669172932331,0.0357142857142857,0,0.0056390977443609,0.280075187969925,0.223684210526316,0.0582706766917293,0.0789473684210526
"153","Harrow",0,0.0218068535825545,0.0950155763239875,0.749221183800623,0.0420560747663551,0.0919003115264797,0,0
"154","Hart",0.0851063829787234,0.00354609929078014,0,0.00354609929078014,0.425531914893617,0.397163120567376,0.0106382978723404,0.074468085106383
"155","Hartlepool",0.0223642172523962,0.00319488817891374,0,0.0159744408945687,0.0670926517571885,0.26517571884984,0.156549520766773,0.469648562300319
"156","Hastings",0.00647249190938511,0.12621359223301,0.029126213592233,0.0161812297734628,0.339805825242718,0.155339805825243,0.174757281553398,0.15210355987055
"157","Havant",0.0258397932816537,0,0,0,0.183462532299742,0.364341085271318,0.149870801033592,0.276485788113695
"158","Havering",0.00397877984084881,0.0159151193633952,0.0225464190981432,0.156498673740053,0.323607427055703,0.224137931034483,0.124668435013263,0.128647214854111
"159","Herefordshire, County of",0.546875,0.0015625,0,0.003125,0.1234375,0.0734375,0.0890625,0.1625
"160","Hertsmere",0.0129449838187702,0.0194174757281553,0.0388349514563107,0.294498381877023,0.330097087378641,0.184466019417476,0.0647249190938511,0.0550161812297735
"161","High Peak",0.140522875816993,0.0065359477124183,0,0,0.277777777777778,0.254901960784314,0.0751633986928105,0.245098039215686
"162","Highland",0.396809571286142,0.010468594217348,0,0.00149551345962114,0.0797607178464606,0.146560319042871,0.124127617148554,0.240777666999003
"163","Hillingdon",0.00126742712294043,0.0164765525982256,0.0506970849176172,0.680608365019011,0.126742712294043,0.101394169835234,0.0164765525982256,0.00633713561470215
"164","Hinckley and Bosworth",0.162393162393162,0,0,0.00284900284900285,0.170940170940171,0.413105413105413,0.0284900284900285,0.222222222222222
"165","Horsham",0.202409638554217,0.0120481927710843,0.00240963855421687,0.00963855421686747,0.330120481927711,0.27710843373494,0.0746987951807229,0.091566265060241
"166","Hounslow",0,0.092436974789916,0.189075630252101,0.677871148459384,0.0378151260504202,0.00140056022408964,0,0.00140056022408964
"167","Huntingdonshire",0.21415270018622,0.0037243947858473,0.00186219739292365,0.0521415270018622,0.284916201117318,0.271880819366853,0.037243947858473,0.134078212290503
"168","Hyndburn",0.0297397769516729,0,0,0.107806691449814,0.104089219330855,0.275092936802974,0.12639405204461,0.356877323420074
"169","Inverclyde",0.0122448979591837,0.0204081632653061,0,0,0.152380952380952,0.146938775510204,0.444897959183673,0.22312925170068
"170","Ipswich",0.00229885057471264,0.0413793103448276,0.0528735632183908,0.144827586206897,0.264367816091954,0.188505747126437,0.119540229885057,0.186206896551724
"171","Isle of Anglesey",0.48471615720524,0,0,0,0.0698689956331878,0.109170305676856,0.0524017467248908,0.283842794759825
"172","Isle of Wight",0.240343347639485,0,0,0,0.313304721030043,0.169527896995708,0.0858369098712446,0.190987124463519
"173","Isles of Scilly",0.555555555555556,0,0,0,0.222222222222222,0,0.222222222222222,0
"174","Islington",0,0.232424677187948,0.764705882352941,0.00143472022955524,0.00143472022955524,0,0,0
"175","Kensington and Chelsea",0,0.586370839936609,0.38351822503962,0.00316957210776545,0.0269413629160063,0,0,0
"176","Kettering",0.101694915254237,0,0.00338983050847458,0.0677966101694915,0.213559322033898,0.352542372881356,0.0779661016949153,0.183050847457627
"177","King's Lynn and West Norfolk",0.528688524590164,0.00409836065573771,0,0.0204918032786885,0.102459016393443,0.145491803278689,0.0901639344262295,0.108606557377049
"178","Kingston upon Hull, City of",0.00117233294255569,0.0398593200468933,0.0246189917936694,0.0832356389214537,0.112543962485346,0.0855803048065651,0.141852286049238,0.511137162954279
"179","Kingston upon Thames",0,0.228,0.07,0.37,0.232,0.088,0.008,0.004
"180","Kirklees",0.0472921434019832,0.0061022120518688,0.0083905415713196,0.246376811594203,0.208237986270023,0.247139588100687,0.0587337909992372,0.177726926010679
"181","Knowsley",0.0121457489878543,0,0,0,0.048582995951417,0.259109311740891,0.11336032388664,0.566801619433198
"182","Lambeth",0,0.148033126293996,0.75879917184265,0.0838509316770186,0.0093167701863354,0,0,0
"183","Lancaster",0.136363636363636,0.0757575757575758,0,0.00865800865800866,0.246753246753247,0.261904761904762,0.101731601731602,0.168831168831169
"184","Leeds",0.0173023987416437,0.0833661030279198,0.0369642154935116,0.165552497050727,0.208808493904837,0.21274085725521,0.109319701140385,0.165945733385765
"185","Leicester",0,0.0856553147574819,0.0588235294117647,0.591331269349845,0.0670794633642931,0.0557275541795666,0.0371517027863777,0.104231166150671
"186","Lewes",0.111801242236025,0.0093167701863354,0,0.0031055900621118,0.319875776397516,0.304347826086957,0.102484472049689,0.149068322981366
"187","Lewisham",0,0.0405862457722661,0.687711386696731,0.25140924464487,0.0169109357384442,0,0.00338218714768884,0
"188","Lichfield",0.166153846153846,0,0,0,0.166153846153846,0.378461538461538,0.0646153846153846,0.224615384615385
"189","Lincoln",0.0129449838187702,0.0711974110032362,0.00647249190938511,0.0485436893203883,0.236245954692557,0.233009708737864,0.187702265372168,0.203883495145631
"190","Lisburn and Castlereagh",0.16231884057971,0,0,0,0.127536231884058,0.388405797101449,0.0898550724637681,0.231884057971014
"191","Liverpool",0,0.10479797979798,0.0675505050505051,0.0713383838383838,0.128787878787879,0.126262626262626,0.183712121212121,0.317550505050505
"192","Luton",0,0.0118845500848896,0.0865874363327674,0.67911714770798,0.0882852292020374,0.110356536502547,0.0101867572156197,0.0135823429541596
"193","Maidstone",0.155102040816327,0.0346938775510204,0.00408163265306122,0.0448979591836735,0.259183673469388,0.289795918367347,0.0795918367346939,0.13265306122449
"194","Maldon",0.247524752475248,0,0,0,0.138613861386139,0.391089108910891,0.0396039603960396,0.183168316831683
"195","Malvern Hills",0.48015873015873,0.00396825396825397,0,0,0.182539682539683,0.146825396825397,0.0476190476190476,0.138888888888889
"196","Manchester",0,0.181045751633987,0.115686274509804,0.447712418300654,0.0627450980392157,0.0241830065359477,0.0986928104575163,0.0699346405228758
"197","Mansfield",0.028735632183908,0,0,0.014367816091954,0.114942528735632,0.359195402298851,0.132183908045977,0.350574712643678
"198","Medway",0.013317191283293,0.0121065375302663,0.0181598062953995,0.171912832929782,0.254237288135593,0.221549636803874,0.0641646489104116,0.24455205811138
"199","Melton",0.36144578313253,0,0,0,0.102409638554217,0.283132530120482,0.0421686746987952,0.210843373493976
"200","Mendip",0.395027624309392,0.00276243093922652,0,0,0.187845303867403,0.140883977900552,0.074585635359116,0.198895027624309
"201","Merthyr Tydfil",0.0264550264550265,0,0,0.0105820105820106,0.0846560846560847,0.137566137566138,0.0687830687830688,0.671957671957672
"202","Merton",0,0.205287713841369,0.160186625194401,0.497667185069984,0.127527216174184,0.00777604976671851,0,0.0015552099533437
"203","Mid and East Antrim",0.257452574525745,0,0,0,0.102981029810298,0.241192411924119,0.0867208672086721,0.311653116531165
"204","Mid Devon",0.543307086614173,0,0,0.00393700787401575,0.118110236220472,0.078740157480315,0.0590551181102362,0.196850393700787
"205","Mid Suffolk",0.577557755775578,0,0,0.0033003300330033,0.132013201320132,0.141914191419142,0.0132013201320132,0.132013201320132
"206","Mid Sussex",0.0810185185185185,0.0277777777777778,0,0.00462962962962963,0.409722222222222,0.331018518518519,0.0416666666666667,0.104166666666667
"207","Mid Ulster",0.63265306122449,0,0,0.0374149659863946,0.0578231292517007,0.0408163265306122,0.0136054421768707,0.217687074829932
"208","Middlesbrough",0.00452488687782805,0.00678733031674208,0.00678733031674208,0.149321266968326,0.083710407239819,0.251131221719457,0.108597285067873,0.389140271493213
"209","Midlothian",0.0619718309859155,0,0,0,0.0985915492957746,0.230985915492958,0.240845070422535,0.367605633802817
"210","Milton Keynes",0.0342639593908629,0.0177664974619289,0.0253807106598985,0.41497461928934,0.253807106598985,0.15989847715736,0.0241116751269036,0.0697969543147208
"211","Mole Valley",0.111913357400722,0.0252707581227437,0,0.0144404332129964,0.371841155234657,0.335740072202166,0.0649819494584837,0.075812274368231
"212","Monmouthshire",0.342372881355932,0,0,0,0.105084745762712,0.247457627118644,0.0711864406779661,0.233898305084746
"213","Moray",0.337922403003755,0.00250312891113892,0,0,0.103879849812265,0.137672090112641,0.11514392991239,0.30287859824781
"214","Neath Port Talbot",0.0866807610993657,0,0,0.00211416490486258,0.0782241014799154,0.25369978858351,0.0887949260042283,0.490486257928118
"215","New Forest",0.268581081081081,0.00168918918918919,0,0.00168918918918919,0.253378378378378,0.282094594594595,0.0405405405405405,0.152027027027027
"216","Newark and Sherwood",0.294270833333333,0.00260416666666667,0.00260416666666667,0.00520833333333333,0.114583333333333,0.223958333333333,0.0546875,0.302083333333333
"217","Newcastle upon Tyne",0.0021978021978022,0.162637362637363,0.0604395604395604,0.0989010989010989,0.146153846153846,0.151648351648352,0.172527472527473,0.205494505494505
"218","Newcastle-under-Lyme",0.106024096385542,0.0240963855421687,0.00240963855421687,0.0120481927710843,0.106024096385542,0.32289156626506,0.0843373493975904,0.342168674698795
"219","Newham",0,0.0395061728395062,0.445679012345679,0.514814814814815,0,0,0,0
"220","Newport",0.0378947368421053,0.00631578947368421,0.0105263157894737,0.151578947368421,0.16,0.235789473684211,0.134736842105263,0.263157894736842
"221","Newry, Mourne and Down",0.472727272727273,0,0,0,0.0935064935064935,0.111688311688312,0.0441558441558442,0.277922077922078
"222","North Ayrshire",0.0658978583196046,0.00247116968698517,0,0,0.0807248764415156,0.203459637561779,0.289126853377265,0.35831960461285
"223","North Devon",0.435643564356436,0,0,0,0.201320132013201,0.105610561056106,0.099009900990099,0.158415841584158
"224","North Dorset",0.600877192982456,0,0,0,0.18859649122807,0.043859649122807,0.0394736842105263,0.12719298245614
"225","North Down and Ards",0.163265306122449,0,0,0,0.140589569160998,0.399092970521542,0.0861678004535147,0.210884353741497
"226","North East Derbyshire",0.20414201183432,0,0,0,0.0621301775147929,0.366863905325444,0.0384615384615385,0.328402366863905
"227","North East Lincolnshire",0.0445269016697588,0,0,0.00556586270871985,0.0890538033395176,0.332096474953618,0.200371057513915,0.328385899814471
"228","North Hertfordshire",0.11244019138756,0.0215311004784689,0.00717703349282297,0.114832535885167,0.349282296650718,0.157894736842105,0.0717703349282297,0.165071770334928
"229","North Kesteven",0.480825958702065,0,0,0,0.0825958702064897,0.321533923303835,0.0294985250737463,0.0855457227138643
"230","North Lanarkshire",0.0138790035587189,0.00498220640569395,0.000355871886120996,0.000355871886120996,0.0786476868327402,0.195017793594306,0.383629893238434,0.323131672597865
"231","North Lincolnshire",0.271028037383178,0.00186915887850467,0,0.0448598130841121,0.0897196261682243,0.267289719626168,0.0841121495327103,0.241121495327103
"232","North Norfolk",0.636363636363636,0,0,0,0.112299465240642,0.0695187165775401,0.0320855614973262,0.149732620320856
"233","North Somerset",0.116312056737589,0.00851063829787234,0,0.00425531914893617,0.31063829787234,0.340425531914894,0.102127659574468,0.117730496453901
"234","North Tyneside",0.00143472022955524,0.00143472022955524,0,0,0.266857962697274,0.232424677187948,0.21377331420373,0.284074605451937
"235","North Warwickshire",0.238095238095238,0,0,0,0.0904761904761905,0.252380952380952,0.0571428571428571,0.361904761904762
"236","North West Leicestershire",0.238255033557047,0,0,0,0.120805369127517,0.342281879194631,0.0268456375838926,0.271812080536913
"237","Northampton",0.00146412884333821,0.0234260614934114,0.0556368960468521,0.341142020497804,0.184480234260615,0.294289897510981,0.0292825768667643,0.0702781844802343
"238","Northumberland",0.224169741697417,0,0,0,0.129151291512915,0.216789667896679,0.0950184501845018,0.334870848708487
"239","Norwich",0.00218340611353712,0.165938864628821,0.0218340611353712,0.0786026200873362,0.240174672489083,0.0567685589519651,0.270742358078603,0.163755458515284
"240","Nottingham",0,0.123493975903614,0.0692771084337349,0.433734939759036,0.0532128514056225,0.0833333333333333,0.0813253012048193,0.155622489959839
"241","Nuneaton and Bedworth",0.0172413793103448,0,0,0.0591133004926108,0.150246305418719,0.37192118226601,0.105911330049261,0.295566502463054
"242","Oadby and Wigston",0.00561797752808989,0.00561797752808989,0,0.0842696629213483,0.157303370786517,0.589887640449438,0.0449438202247191,0.112359550561798
"243","Oldham",0.0168539325842697,0,0.0168539325842697,0.205056179775281,0.11376404494382,0.234550561797753,0.127808988764045,0.285112359550562
"244","Orkney Islands",0.642105263157895,0.00526315789473684,0,0,0.0473684210526316,0.068421052631579,0.0631578947368421,0.173684210526316
"245","Oxford",0,0.293577981651376,0.0665137614678899,0.428899082568807,0.172018348623853,0.00688073394495413,0.0252293577981651,0.00688073394495413
"246","Pembrokeshire",0.50125313283208,0,0,0,0.0977443609022556,0.06265664160401,0.0802005012531328,0.258145363408521
"247","Pendle",0.108843537414966,0,0,0.19047619047619,0.180272108843537,0.173469387755102,0.0816326530612245,0.26530612244898
"248","Perth and Kinross",0.3125,0.0421875,0,0,0.11796875,0.1953125,0.1828125,0.14921875
"249","Peterborough",0.0463576158940397,0.0149006622516556,0.0115894039735099,0.384105960264901,0.201986754966887,0.19205298013245,0.0678807947019868,0.0811258278145695
"250","Plymouth",0.00588928150765607,0.118963486454653,0.016489988221437,0,0.210836277974087,0.201413427561837,0.157832744405183,0.288574793875147
"251","Poole",0.0166666666666667,0.0333333333333333,0,0.00833333333333333,0.40625,0.31875,0.0958333333333333,0.120833333333333
"252","Portsmouth",0,0.172307692307692,0.0646153846153846,0.0876923076923077,0.34,0.0492307692307692,0.135384615384615,0.150769230769231
"253","Powys",0.657534246575342,0,0,0,0.0730593607305936,0.0273972602739726,0.0525114155251142,0.189497716894977
"254","Preston",0.0564334085778781,0.0632054176072235,0.0225733634311512,0.243792325056433,0.119638826185102,0.257336343115124,0.117381489841986,0.119638826185102
"255","Purbeck",0.378205128205128,0,0,0,0.230769230769231,0.173076923076923,0.0512820512820513,0.166666666666667
"256","Reading",0,0.169354838709677,0.0786290322580645,0.425403225806452,0.175403225806452,0.108870967741935,0.0161290322580645,0.0262096774193548
"257","Redbridge",0,0.0335051546391753,0.0979381443298969,0.79639175257732,0.0554123711340206,0.0167525773195876,0,0
"258","Redcar and Cleveland",0.0387931034482759,0,0,0.00431034482758621,0.0754310344827586,0.366379310344828,0.105603448275862,0.40948275862069
"259","Redditch",0.0190114068441065,0.00380228136882129,0,0.091254752851711,0.155893536121673,0.330798479087452,0.178707224334601,0.220532319391635
"260","Reigate and Banstead",0.022883295194508,0.034324942791762,0.011441647597254,0.0755148741418764,0.487414187643021,0.249427917620137,0.045766590389016,0.0732265446224256
"261","Renfrewshire",0.0140935297885971,0.0358744394618834,0.00192184497117233,0,0.126201153106983,0.230621396540679,0.424727738629084,0.166559897501602
"262","Rhondda Cynon Taf",0.0310077519379845,0.00516795865633075,0,0.0103359173126615,0.0904392764857881,0.214470284237726,0.0891472868217054,0.559431524547804
"263","Ribble Valley",0.370558375634518,0,0,0,0.16243654822335,0.253807106598985,0.050761421319797,0.16243654822335
"264","Richmond upon Thames",0,0.232520325203252,0.0601626016260163,0.186991869918699,0.469918699186992,0.032520325203252,0.016260162601626,0.0016260162601626
"265","Richmondshire",0.582352941176471,0.00588235294117647,0,0.0352941176470588,0.152941176470588,0.0588235294117647,0.0235294117647059,0.141176470588235
"266","Rochdale",0.0162481536189069,0,0.0147710487444609,0.163958641063516,0.127031019202363,0.239290989660266,0.147710487444609,0.290989660265879
"267","Rochford",0.0528301886792453,0.00377358490566038,0,0,0.19622641509434,0.611320754716981,0.0641509433962264,0.0716981132075472
"268","Rossendale",0.0633484162895928,0,0,0.0407239819004525,0.190045248868778,0.235294117647059,0.085972850678733,0.384615384615385
"269","Rother",0.292063492063492,0.0222222222222222,0,0,0.219047619047619,0.247619047619048,0.0793650793650794,0.13968253968254
"270","Rotherham",0.0515222482435597,0.00117096018735363,0.00234192037470726,0.0644028103044497,0.0702576112412178,0.333723653395785,0.0878220140515222,0.388758782201405
"271","Rugby",0.153374233128834,0.00306748466257669,0.00306748466257669,0.171779141104294,0.214723926380368,0.266871165644172,0.0644171779141104,0.122699386503067
"272","Runnymede",0.0153256704980843,0.0344827586206897,0.00383141762452107,0.0766283524904215,0.521072796934866,0.21455938697318,0.053639846743295,0.0804597701149425
"273","Rushcliffe",0.181818181818182,0.0303030303030303,0,0.00826446280991736,0.231404958677686,0.421487603305785,0.0137741046831956,0.112947658402204
"274","Rushmoor",0,0.0166112956810631,0.0431893687707641,0.199335548172757,0.365448504983389,0.182724252491694,0.0863787375415282,0.106312292358804
"275","Rutland",0.568965517241379,0,0,0.00862068965517241,0.163793103448276,0.146551724137931,0.0172413793103448,0.0948275862068965
"276","Ryedale",0.731958762886598,0,0,0,0.0721649484536082,0.0360824742268041,0.0309278350515464,0.128865979381443
"277","Salford",0.00248756218905473,0.0808457711442786,0.0522388059701493,0.103233830845771,0.15547263681592,0.154228855721393,0.203980099502488,0.247512437810945
"278","Sandwell",0,0.00212314225053079,0.0159235668789809,0.474522292993631,0.0636942675159236,0.109341825902335,0.105095541401274,0.229299363057325
"279","Scarborough",0.261096605744125,0.0469973890339426,0,0,0.18798955613577,0.164490861618799,0.143603133159269,0.195822454308094
"280","Scottish Borders",0.393586005830904,0.00777453838678328,0,0,0.0826044703595724,0.0855199222546161,0.233236151603499,0.197278911564626
"281","Sedgemoor",0.337730870712401,0,0,0,0.155672823218997,0.182058047493404,0.0738786279683377,0.25065963060686
"282","Sefton",0.00964630225080386,0.00964630225080386,0.00428724544480171,0.00107181136120043,0.216505894962487,0.384780278670954,0.156484458735263,0.217577706323687
"283","Selby",0.388888888888889,0,0,0,0.1,0.262962962962963,0.0555555555555556,0.192592592592593
"284","Sevenoaks",0.123287671232877,0.00547945205479452,0,0,0.342465753424658,0.282191780821918,0.0794520547945206,0.167123287671233
"285","Sheffield",0.00990643918547056,0.0836543753439736,0.0324711062190424,0.142542652724271,0.178866263070996,0.209135938359934,0.115024766097964,0.228398458998349
"286","Shepway",0.146131805157593,0.0744985673352436,0,0.0200573065902579,0.26647564469914,0.217765042979943,0.114613180515759,0.160458452722063
"287","Shetland Islands",0.61,0,0,0,0.035,0.035,0.125,0.195
"288","Shropshire",0.471544715447154,0.0040650406504065,0,0.00203252032520325,0.127032520325203,0.141260162601626,0.0518292682926829,0.202235772357724
"289","Slough",0,0.00775193798449612,0.0465116279069767,0.92764857881137,0.00258397932816537,0.0129198966408269,0.00258397932816537,0
"290","Solihull",0.0299850074962519,0.0104947526236882,0.00149925037481259,0.0134932533733133,0.208395802098951,0.434782608695652,0.139430284857571,0.16191904047976
"291","South Ayrshire",0.116883116883117,0.016983016983017,0,0,0.10989010989011,0.26973026973027,0.233766233766234,0.252747252747253
"292","South Bucks",0.0199004975124378,0.00995024875621891,0,0.0447761194029851,0.502487562189055,0.293532338308458,0.0497512437810945,0.0796019900497512
"293","South Cambridgeshire",0.304439746300211,0.00634249471458774,0,0.0528541226215645,0.291754756871036,0.224101479915433,0.00634249471458774,0.114164904862579
"294","South Derbyshire",0.264406779661017,0,0,0.0101694915254237,0.138983050847458,0.31864406779661,0.0203389830508475,0.247457627118644
"295","South Gloucestershire",0.0911270983213429,0.013189448441247,0.00119904076738609,0.0287769784172662,0.302158273381295,0.315347721822542,0.0515587529976019,0.196642685851319
"296","South Hams",0.503496503496504,0,0,0,0.171328671328671,0.143356643356643,0.0454545454545455,0.136363636363636
"297","South Holland",0.67741935483871,0,0,0.014336917562724,0.111111111111111,0.03584229390681,0.028673835125448,0.132616487455197
"298","South Kesteven",0.30365296803653,0.00228310502283105,0,0.0045662100456621,0.159817351598174,0.315068493150685,0.0547945205479452,0.159817351598174
"299","South Lakeland",0.425474254742547,0.00813008130081301,0,0,0.203252032520325,0.130081300813008,0.0704607046070461,0.16260162601626
"300","South Lanarkshire",0.0606281957633309,0.00949598246895544,0,0.000365230094959825,0.0934989043097151,0.243608473338203,0.329437545653762,0.262965668371074
"301","South Norfolk",0.504761904761905,0,0,0,0.154761904761905,0.223809523809524,0.0285714285714286,0.0880952380952381
"302","South Northamptonshire",0.42756183745583,0,0,0,0.123674911660777,0.307420494699647,0.0141342756183746,0.127208480565371
"303","South Oxfordshire",0.211136890951276,0.00464037122969838,0,0.00696055684454756,0.366589327146172,0.259860788863109,0.0139211136890951,0.136890951276102
"304","South Ribble",0.0769230769230769,0,0,0,0.186813186813187,0.480769230769231,0.0604395604395604,0.195054945054945
"305","South Somerset",0.448275862068966,0,0,0.00544464609800363,0.172413793103448,0.105263157894737,0.0526315789473684,0.215970961887477
"306","South Staffordshire",0.164305949008499,0,0,0.0028328611898017,0.0708215297450425,0.473087818696884,0.0509915014164306,0.237960339943343
"307","South Tyneside",0.00749063670411985,0,0.00749063670411985,0.0168539325842697,0.131086142322097,0.144194756554307,0.237827715355805,0.455056179775281
"308","Southampton",0,0.177545691906005,0.0300261096605744,0.152741514360313,0.27154046997389,0.0652741514360313,0.18668407310705,0.116187989556136
"309","Southend-on-Sea",0,0.048695652173913,0.0295652173913043,0.104347826086957,0.410434782608696,0.220869565217391,0.100869565217391,0.0852173913043478
"310","Southwark",0,0.153415453527436,0.777155655095185,0.0459126539753639,0.0201567749160134,0.00111982082866741,0.00111982082866741,0.00111982082866741
"311","Spelthorne",0.00320512820512821,0.0224358974358974,0.0128205128205128,0.192307692307692,0.455128205128205,0.166666666666667,0.0512820512820513,0.0961538461538462
"312","St Albans",0.0163170163170163,0.0559440559440559,0.0163170163170163,0.158508158508158,0.407925407925408,0.277389277389277,0.0303030303030303,0.0372960372960373
"313","St Edmundsbury",0.338842975206612,0.00550964187327824,0,0.00826446280991736,0.212121212121212,0.148760330578512,0.0881542699724518,0.198347107438017
"314","St. Helens",0.0199667221297837,0.00166389351081531,0,0.00166389351081531,0.0732113144758735,0.354409317803661,0.0931780366056572,0.455906821963394
"315","Stafford",0.199530516431925,0.0234741784037559,0,0.0187793427230047,0.169014084507042,0.359154929577465,0.07981220657277,0.150234741784038
"316","Staffordshire Moorlands",0.289719626168224,0,0,0,0.0872274143302181,0.395638629283489,0.0249221183800623,0.202492211838006
"317","Stevenage",0,0.0110294117647059,0.0147058823529412,0.224264705882353,0.194852941176471,0.0588235294117647,0.176470588235294,0.319852941176471
"318","Stirling",0.165562913907285,0.0662251655629139,0,0.00264900662251656,0.150993377483444,0.242384105960265,0.16158940397351,0.210596026490066
"319","Stockport",0.00726141078838174,0.00311203319502075,0,0.029045643153527,0.276970954356846,0.379668049792531,0.120331950207469,0.183609958506224
"320","Stockton-on-Tees",0.0226537216828479,0.00809061488673139,0.00323624595469256,0.040453074433657,0.0825242718446602,0.427184466019417,0.101941747572816,0.313915857605178
"321","Stoke-on-Trent",0.00470035252643948,0.0129259694477086,0.00470035252643948,0.158636897767333,0.0681551116333725,0.238542890716804,0.115158636897767,0.397179788484136
"322","Stratford-on-Avon",0.430288461538462,0.00240384615384615,0,0.00240384615384615,0.213942307692308,0.175480769230769,0.0336538461538462,0.141826923076923
"323","Stroud",0.294765840220386,0.00275482093663912,0,0,0.239669421487603,0.220385674931129,0.0385674931129477,0.203856749311295
"324","Suffolk Coastal",0.356009070294785,0,0,0.00226757369614512,0.201814058956916,0.267573696145125,0.0340136054421769,0.138321995464853
"325","Sunderland",0.00421940928270042,0.020042194092827,0.00316455696202532,0.029535864978903,0.0843881856540084,0.203586497890295,0.128691983122363,0.526371308016878
"326","Surrey Heath",0.018796992481203,0.0150375939849624,0,0.075187969924812,0.338345864661654,0.462406015037594,0.0451127819548872,0.0451127819548872
"327","Sutton",0.00162337662337662,0.0762987012987013,0.107142857142857,0.362012987012987,0.271103896103896,0.133116883116883,0.0357142857142857,0.012987012987013
"328","Swale",0.146171693735499,0,0,0.00928074245939675,0.22969837587007,0.206496519721578,0.0997679814385151,0.308584686774942
"329","Swansea",0.0580808080808081,0.0782828282828283,0.0101010101010101,0.0164141414141414,0.152777777777778,0.299242424242424,0.10479797979798,0.28030303030303
"330","Swindon",0.032258064516129,0.0252454417952314,0.00420757363253857,0.102384291725105,0.339410939691445,0.237026647966339,0.119214586255259,0.140252454417952
"331","Tameside",0.00815217391304348,0.00135869565217391,0.00135869565217391,0.0747282608695652,0.1875,0.232336956521739,0.165760869565217,0.328804347826087
"332","Tamworth",0.0160642570281124,0,0,0,0.152610441767068,0.369477911646586,0.132530120481928,0.329317269076305
"333","Tandridge",0.0674157303370786,0.0149812734082397,0,0.0112359550561798,0.49812734082397,0.292134831460674,0.0374531835205993,0.0786516853932584
"334","Taunton Deane",0.249336870026525,0.0291777188328912,0,0.00530503978779841,0.249336870026525,0.172413793103448,0.0875331564986737,0.206896551724138
"335","Teignbridge",0.310262529832936,0,0,0,0.241050119331742,0.205250596658711,0.0715990453460621,0.171837708830549
"336","Telford and Wrekin",0.100189035916824,0,0.00378071833648393,0.0793950850661626,0.137996219281664,0.277882797731569,0.0661625708884688,0.334593572778828
"337","Tendring",0.169354838709677,0,0,0.00201612903225806,0.221774193548387,0.346774193548387,0.108870967741935,0.151209677419355
"338","Test Valley",0.245945945945946,0.0027027027027027,0,0.0027027027027027,0.267567567567568,0.275675675675676,0.0432432432432432,0.162162162162162
"339","Tewkesbury",0.242857142857143,0,0,0.00357142857142857,0.25,0.271428571428571,0.0678571428571429,0.164285714285714
"340","Thanet",0.0484581497797357,0.0242290748898678,0.0110132158590308,0.026431718061674,0.332599118942731,0.231277533039648,0.140969162995595,0.185022026431718
"341","The Vale of Glamorgan",0.121359223300971,0.00728155339805825,0,0.00728155339805825,0.242718446601942,0.281553398058252,0.0849514563106796,0.254854368932039
"342","Three Rivers",0.0144404332129964,0.0144404332129964,0.0072202166064982,0.0830324909747292,0.350180505415162,0.342960288808664,0.0722021660649819,0.115523465703971
"343","Thurrock",0.0160320641282565,0.0140280561122244,0.0380761523046092,0.216432865731463,0.130260521042084,0.162324649298597,0.11623246492986,0.306613226452906
"344","Tonbridge and Malling",0.0857908847184987,0.00804289544235925,0,0.00536193029490617,0.335120643431635,0.28686327077748,0.0563002680965147,0.222520107238606
"345","Torbay",0.0702127659574468,0.0127659574468085,0,0,0.404255319148936,0.2,0.14468085106383,0.168085106382979
"346","Torfaen",0.0524590163934426,0,0,0,0.0622950819672131,0.160655737704918,0.0918032786885246,0.632786885245902
"347","Torridge",0.572769953051643,0,0,0,0.112676056338028,0.0610328638497653,0.0563380281690141,0.197183098591549
"348","Tower Hamlets",0,0.262032085561497,0.728609625668449,0.00935828877005348,0,0,0,0
"349","Trafford",0.00410396716826265,0.012311901504788,0.0191518467852257,0.149110807113543,0.314637482900137,0.298221614227086,0.0902872777017784,0.112175102599179
"350","Tunbridge Wells",0.152542372881356,0.0677966101694915,0,0.0112994350282486,0.387005649717514,0.138418079096045,0.0988700564971751,0.144067796610169
"351","Uttlesford",0.346613545816733,0.00796812749003984,0,0.00398406374501992,0.306772908366534,0.175298804780877,0.0398406374501992,0.119521912350598
"352","Vale of White Horse",0.213197969543147,0.0177664974619289,0,0.0101522842639594,0.33756345177665,0.266497461928934,0.0355329949238579,0.119289340101523
"353","Wakefield",0.0453283996299722,0.00462534690101758,0.00277520814061055,0.0499537465309898,0.107308048103608,0.261794634597595,0.119333950046253,0.408880666049954
"354","Walsall",0.00482509047044632,0.00482509047044632,0.0120627261761158,0.240048250904704,0.0687575392038601,0.248492159227986,0.0892641737032569,0.331724969843185
"355","Waltham Forest",0,0.00546448087431694,0.329234972677596,0.591530054644809,0.0601092896174863,0.00546448087431694,0.00546448087431694,0.00273224043715847
"356","Wandsworth",0,0.420570264765784,0.371690427698574,0.138492871690428,0.0682281059063136,0,0,0.0010183299389002
"357","Warrington",0.0348484848484849,0.0136363636363636,0.00151515151515152,0.0181818181818182,0.151515151515152,0.422727272727273,0.109090909090909,0.248484848484848
"358","Warwick",0.0717391304347826,0.0847826086956522,0.00217391304347826,0.0673913043478261,0.36304347826087,0.25,0.058695652173913,0.102173913043478
"359","Watford",0,0.0735294117647059,0.0477941176470588,0.540441176470588,0.198529411764706,0.0772058823529412,0.0330882352941176,0.0294117647058824
"360","Waveney",0.239709443099274,0,0.00242130750605327,0,0.108958837772397,0.256658595641647,0.0944309927360775,0.297820823244552
"361","Waverley",0.0671834625322997,0.0129198966408269,0,0,0.452196382428941,0.330749354005168,0.0490956072351421,0.0878552971576227
"362","Wealden",0.296218487394958,0,0,0,0.254201680672269,0.329831932773109,0.0378151260504202,0.0819327731092437
"363","Wellingborough",0.112449799196787,0,0.00401606425702811,0.21285140562249,0.156626506024096,0.269076305220884,0.0682730923694779,0.176706827309237
"364","Welwyn Hatfield",0.0113960113960114,0.0227920227920228,0.0455840455840456,0.290598290598291,0.193732193732194,0.185185185185185,0.0854700854700855,0.165242165242165
"365","West Berkshire",0.163900414937759,0.0145228215767635,0,0.0103734439834025,0.377593360995851,0.25103734439834,0.033195020746888,0.149377593360996
"366","West Devon",0.548571428571429,0,0,0,0.142857142857143,0.0857142857142857,0.0285714285714286,0.194285714285714
"367","West Dorset",0.558739255014327,0.00286532951289398,0,0,0.174785100286533,0.0515759312320917,0.0716332378223496,0.140401146131805
"368","West Dunbartonshire",0.0164705882352941,0.00823529411764706,0,0,0.101176470588235,0.136470588235294,0.576470588235294,0.161176470588235
"369","West Lancashire",0.276056338028169,0.00563380281690141,0,0,0.0816901408450704,0.290140845070423,0.11830985915493,0.228169014084507
"370","West Lindsey",0.545454545454545,0,0,0,0.0673400673400673,0.208754208754209,0.0269360269360269,0.151515151515152
"371","West Lothian",0.0437235543018336,0.00987306064880113,0,0.00282087447108604,0.120592383638928,0.239069111424542,0.2475317348378,0.33638928067701
"372","West Oxfordshire",0.30945558739255,0.00286532951289398,0,0.00286532951289398,0.361031518624642,0.154727793696275,0.0143266475644699,0.154727793696275
"373","West Somerset",0.519083969465649,0,0,0,0.152671755725191,0.0610687022900763,0.0534351145038168,0.213740458015267
"374","Westminster",0,0.51213282247765,0.472541507024266,0.0102171136653895,0.00510855683269476,0,0,0
"375","Weymouth and Portland",0.0444444444444444,0.0177777777777778,0,0.00444444444444444,0.324444444444444,0.204444444444444,0.168888888888889,0.235555555555556
"376","Wigan",0.0201923076923077,0.00192307692307692,0,0.00961538461538462,0.118269230769231,0.368269230769231,0.115384615384615,0.366346153846154
"377","Wiltshire",0.294613887086308,0.00648929266709929,0.000648929266709929,0.0103828682673589,0.260220635950681,0.192731992212849,0.0584036340038936,0.176508760545101
"378","Winchester",0.255494505494505,0.0412087912087912,0,0,0.348901098901099,0.18956043956044,0.0604395604395604,0.104395604395604
"379","Windsor and Maidenhead",0.0422222222222222,0.0488888888888889,0.00222222222222222,0.144444444444444,0.471111111111111,0.197777777777778,0.0444444444444444,0.0488888888888889
"380","Wirral",0.00466853408029879,0.00280112044817927,0,0.00186741363211951,0.226890756302521,0.362278244631186,0.15219421101774,0.249299719887955
"381","Woking",0.00323624595469256,0.0614886731391586,0.0194174757281553,0.155339805825243,0.407766990291262,0.271844660194175,0.029126213592233,0.0517799352750809
"382","Wokingham",0.0436590436590437,0.00415800415800416,0,0.0706860706860707,0.378378378378378,0.455301455301455,0.0145530145530146,0.0332640332640333
"383","Wolverhampton",0,0.00636942675159236,0.0445859872611465,0.374522292993631,0.0815286624203822,0.206369426751592,0.114649681528662,0.171974522292994
"384","Worcester",0.0122699386503067,0.0398773006134969,0.00306748466257669,0.0521472392638037,0.337423312883436,0.269938650306748,0.116564417177914,0.168711656441718
"385","Worthing",0.0028328611898017,0.084985835694051,0.0084985835694051,0.0198300283286119,0.41643059490085,0.246458923512748,0.101983002832861,0.118980169971671
"386","Wrexham",0.168539325842697,0.00449438202247191,0,0.0449438202247191,0.0808988764044944,0.253932584269663,0.107865168539326,0.339325842696629
"387","Wychavon",0.469849246231156,0.0050251256281407,0,0.0050251256281407,0.0954773869346734,0.165829145728643,0.0628140703517588,0.195979899497487
"388","Wycombe",0.0662878787878788,0.0246212121212121,0.00757575757575758,0.276515151515151,0.240530303030303,0.295454545454545,0.0303030303030303,0.0587121212121212
"389","Wyre Forest",0.117824773413897,0,0,0.00604229607250755,0.190332326283988,0.353474320241692,0.0785498489425982,0.253776435045317
"390","Wyre",0.190348525469169,0,0,0,0.152815013404826,0.410187667560322,0.0857908847184987,0.160857908847185
"391","York",0.0549450549450549,0.149136577708006,0.00313971742543171,0.021978021978022,0.229199372056515,0.318681318681319,0.0910518053375196,0.131868131868132
